id,last_name,country
0,schmidt,austria
1,weber,austria
2,mayer,austria
3,wagner,austria
4,bauer,austria
5,larsson,australia
6,svensson,australia
7,johansson,australia
8,karlsson,australia
9,eriksson,australia
10,dubois,france
11,lefevre,france
12,bernard,france
13,dubois,france
14,lefevre,france
15,sato,japan
16,suzuki,japan
17,takahashi,japan
18,tanaka,japan
19,watanabe,japan
20,m√ºller,germany
21,schneider,germany
22,fischer,germany
23,weber,germany
24,meyer,germany
25,smith,united kingdom
26,jones,united kingdom
27,williams,united kingdom
28,brown,united kingdom
29,taylor,united kingdom
30,smith,canada
31,johnson,canada
32,brown,canada
33,tremblay,canada
34,robinson,canada
35,smith,ireland
36,johnson,ireland
37,byrne,ireland
38,ryan,ireland
39,kelly,ireland
40,rossi,italy
41,russo,italy
42,ferrari,italy
43,esposito,italy
44,bianchi,italy
45,hernandez,mexico
46,garcia,mexico
47,lopez,mexico
48,martinez,mexico
49,rodriguez,mexico
50,gomez,argentina
51,fernandez,argentina
52,lopez,argentina
53,martinez,argentina
54,perez,argentina
55,patel,india
56,kumar,india
57,sharma,india
58,shah,india
59,singh,india
60,wang,china
61,li,china
62,zhang,china
63,liu,china
64,chen,china
65,ivanov,russia
66,smirnov,russia
67,kuznetsov,russia
68,petrov,russia
69,sokolov,russia
70,al-rashid,saudi arabia
71,al-farsi,saudi arabia
72,al-harbi,saudi arabia
73,al-mansoori,saudi arabia
74,al-maktoum,saudi arabia
75,al-mansoor,united arab emirates
76,al-hamad,united arab emirates
77,al-abdullah,united arab emirates
78,al-khalifa,united arab emirates
79,al-suwaidi,united arab emirates
80,al-thani,qatar
81,al-kuwari,qatar
82,al-attiyah,qatar
83,al-mohammed,qatar
84,al-khalaf,qatar
85,wong,singapore
86,lim,singapore
87,tan,singapore
88,ng,singapore
89,chan,singapore
90,ahmad,malaysia
91,mohamed,malaysia
92,ismail,malaysia
93,abdullah,malaysia
94,omar,malaysia
95,dela cruz,philippines
96,santos,philippines
97,reyes,philippines
98,cruz,philippines
99,bautista,philippines
100,susanto,indonesia
101,lim,indonesia
102,wong,indonesia
103,tan,indonesia
104,chen,indonesia
105,song,thailand
106,phat,thailand
107,suwannaphum,thailand
108,kwan,thailand
109,sorn,thailand
110,nguyen,vietnam
111,tran,vietnam
112,le,vietnam
113,pham,vietnam
114,hoang,vietnam
115,smith,new zealand
116,jones,new zealand
117,williams,new zealand
118,brown,new zealand
119,taylor,new zealand
120,said,egypt
121,hassan,egypt
122,abdel-nasser,egypt
123,ibrahim,egypt
124,abdel-aziz,egypt
125,odhiambo,kenya
126,onyango,kenya
127,mwangi,kenya
128,kamau,kenya
129,odongo,kenya
130,okafor,nigeria
131,onwuka,nigeria
132,nwankwo,nigeria
133,okeke,nigeria
134,obi,nigeria
135,mohamed,south africa
136,patel,south africa
137,naidoo,south africa
138,nkosi,south africa
139,pillay,south africa
140,silva,brazil
141,souza,brazil
142,santos,brazil
143,oliveira,brazil
144,lima,brazil
145,johnson,united states
146,smith,united states
147,brown,united states
148,jones,united states
149,davis,united states
150,johansson,sweden
151,nilsson,sweden
152,eriksson,sweden
153,larsson,sweden
154,andersson,sweden
155,garcia,spain
156,lopez,spain
157,martinez,spain
158,rodriguez,spain
159,fernandez,spain
160,kim,south korea
161,lee,south korea
162,park,south korea
163,choi,south korea
164,kang,south korea
